-- phpMyAdmin SQL Dump
-- version 4.5.1
-- http://www.phpmyadmin.net
--
-- Host: 127.0.0.1
-- Generation Time: Dec 13, 2020 at 11:48 AM
-- Server version: 10.1.16-MariaDB
-- PHP Version: 7.0.9

SET SQL_MODE = "NO_AUTO_VALUE_ON_ZERO";
SET time_zone = "+00:00";


/*!40101 SET @OLD_CHARACTER_SET_CLIENT=@@CHARACTER_SET_CLIENT */;
/*!40101 SET @OLD_CHARACTER_SET_RESULTS=@@CHARACTER_SET_RESULTS */;
/*!40101 SET @OLD_COLLATION_CONNECTION=@@COLLATION_CONNECTION */;
/*!40101 SET NAMES utf8mb4 */;

--
-- Database: `ekinerja`
--

-- --------------------------------------------------------

--
-- Table structure for table `absensi`
--

CREATE TABLE `absensi` (
  `id` int(11) NOT NULL,
  `id_user` int(4) NOT NULL,
  `tanggal` date NOT NULL,
  `jam` float NOT NULL
) ENGINE=InnoDB DEFAULT CHARSET=latin1;

--
-- Dumping data for table `absensi`
--

INSERT INTO `absensi` (`id`, `id_user`, `tanggal`, `jam`) VALUES
(1, 3, '2020-12-01', 8),
(2, 3, '2020-12-02', 8),
(3, 3, '2020-12-03', 8),
(4, 3, '2020-12-04', 8),
(5, 3, '2020-12-05', 8),
(6, 3, '2020-12-06', 5),
(7, 3, '2020-12-07', 8),
(8, 3, '2020-12-08', 6),
(9, 3, '2020-12-09', 8),
(10, 3, '2020-12-10', 8),
(11, 3, '2020-12-11', 7),
(12, 3, '2020-12-12', 8),
(13, 4, '2020-12-01', 8),
(14, 4, '2020-12-02', 8),
(15, 4, '2020-12-03', 8),
(16, 4, '2020-12-04', 8),
(17, 4, '2020-12-05', 8),
(18, 4, '2020-12-06', 8),
(19, 4, '2020-12-07', 8),
(20, 4, '2020-12-08', 8),
(21, 4, '2020-12-09', 8),
(22, 4, '2020-12-10', 6),
(23, 4, '2020-12-11', 6),
(24, 4, '2020-12-12', 7),
(25, 6, '2020-11-21', 9),
(26, 6, '2020-11-22', 9),
(27, 6, '2020-11-23', 9),
(28, 6, '2020-11-24', 9),
(29, 6, '2020-11-25', 9),
(30, 6, '2020-11-26', 9),
(31, 6, '2020-11-27', 9),
(32, 6, '2020-11-28', 9),
(33, 6, '2020-11-29', 9),
(34, 6, '2020-11-30', 9),
(35, 6, '2020-12-01', 9),
(36, 6, '2020-12-02', 9),
(37, 6, '2020-12-03', 9),
(38, 6, '2020-12-04', 0),
(39, 6, '2020-12-05', 9),
(40, 6, '2020-12-06', 8),
(41, 6, '2020-12-07', 9),
(42, 6, '2020-12-08', 9),
(43, 6, '2020-12-09', 9),
(44, 6, '2020-12-10', 9),
(45, 6, '2020-12-11', 8),
(46, 6, '2020-12-12', 8),
(47, 7, '2020-11-21', 8),
(48, 7, '2020-11-22', 9),
(49, 7, '2020-11-23', 9),
(50, 7, '2020-11-24', 8),
(51, 7, '2020-11-25', 8),
(52, 7, '2020-11-26', 7),
(53, 7, '2020-11-27', 8),
(54, 7, '2020-11-28', 8),
(55, 7, '2020-11-29', 9),
(56, 7, '2020-11-30', 8),
(57, 7, '2020-12-01', 9),
(58, 7, '2020-12-02', 9),
(59, 7, '2020-12-03', 8),
(60, 7, '2020-12-04', 8),
(61, 7, '2020-12-05', 0),
(62, 7, '2020-12-06', 0),
(63, 7, '2020-12-07', 8),
(64, 7, '2020-12-08', 8),
(65, 7, '2020-12-09', 8),
(66, 7, '2020-12-10', 9),
(67, 7, '2020-12-11', 9),
(68, 7, '2020-12-12', 8),
(69, 8, '2020-11-21', 9),
(70, 8, '2020-11-22', 8),
(71, 8, '2020-11-23', 7),
(72, 8, '2020-11-24', 8),
(73, 8, '2020-11-25', 9),
(74, 8, '2020-11-26', 9),
(75, 8, '2020-11-27', 0),
(76, 8, '2020-11-28', 9),
(77, 8, '2020-11-29', 9),
(78, 8, '2020-11-30', 9),
(79, 8, '2020-12-01', 9),
(80, 8, '2020-12-02', 9),
(81, 8, '2020-12-03', 8.5),
(82, 8, '2020-12-04', 9),
(83, 8, '2020-12-05', 8),
(84, 8, '2020-12-06', 9),
(85, 8, '2020-12-07', 9),
(86, 8, '2020-12-08', 9),
(87, 8, '2020-12-09', 9),
(88, 8, '2020-12-10', 9),
(89, 8, '2020-12-11', 0),
(90, 8, '2020-12-12', 8.5),
(91, 9, '2020-11-21', 9),
(92, 9, '2020-11-22', 9),
(93, 9, '2020-11-23', 8),
(94, 9, '2020-11-24', 8.6),
(95, 9, '2020-11-25', 9),
(96, 9, '2020-11-26', 8.7),
(97, 9, '2020-11-27', 8),
(98, 9, '2020-11-28', 8.8),
(99, 9, '2020-11-29', 9),
(100, 9, '2020-11-30', 9),
(101, 9, '2020-12-01', 0),
(102, 9, '2020-12-02', 8),
(103, 9, '2020-12-03', 7.8),
(104, 9, '2020-12-04', 9),
(105, 9, '2020-12-05', 9),
(106, 9, '2020-12-06', 9),
(107, 9, '2020-12-07', 9),
(108, 9, '2020-12-08', 8.9),
(109, 9, '2020-12-09', 9),
(110, 9, '2020-12-10', 0),
(111, 9, '2020-12-11', 9),
(112, 9, '2020-12-12', 9),
(113, 10, '2020-11-21', 8),
(114, 10, '2020-11-22', 8),
(115, 10, '2020-11-23', 8.5),
(116, 10, '2020-11-24', 8),
(117, 10, '2020-11-25', 9),
(118, 10, '2020-11-26', 0),
(119, 10, '2020-11-27', 0),
(120, 10, '2020-11-28', 9),
(121, 10, '2020-11-29', 8.3),
(122, 10, '2020-11-30', 8.8),
(123, 10, '2020-12-01', 8.8),
(124, 10, '2020-12-02', 9),
(125, 10, '2020-12-03', 9),
(126, 10, '2020-12-04', 9),
(127, 10, '2020-12-05', 7),
(128, 10, '2020-12-06', 8),
(129, 10, '2020-12-07', 9),
(130, 10, '2020-12-08', 7),
(131, 10, '2020-12-09', 9),
(132, 10, '2020-12-10', 9),
(133, 10, '2020-12-11', 9),
(134, 10, '2020-12-12', 8),
(135, 11, '2020-11-21', 9),
(136, 11, '2020-11-22', 9),
(137, 11, '2020-11-23', 8),
(138, 11, '2020-11-24', 8.5),
(139, 11, '2020-11-25', 0),
(140, 11, '2020-11-26', 8.9),
(141, 11, '2020-11-27', 9),
(142, 11, '2020-11-28', 9),
(143, 11, '2020-11-29', 8.7),
(144, 11, '2020-11-30', 8.5),
(145, 11, '2020-12-01', 8.7),
(146, 11, '2020-12-02', 8.8),
(147, 11, '2020-12-03', 8.8),
(148, 11, '2020-12-04', 8.9),
(149, 11, '2020-12-05', 9),
(150, 11, '2020-12-06', 9),
(151, 11, '2020-12-07', 0),
(152, 11, '2020-12-08', 8),
(153, 11, '2020-12-09', 9),
(154, 11, '2020-12-10', 8.5),
(155, 11, '2020-12-11', 9),
(156, 11, '2020-12-12', 9),
(157, 12, '2020-11-21', 0),
(158, 12, '2020-11-22', 8.8),
(159, 12, '2020-11-23', 9),
(160, 12, '2020-11-24', 8.7),
(161, 12, '2020-11-25', 8.8),
(162, 12, '2020-11-26', 8.9),
(163, 12, '2020-11-27', 8.8),
(164, 12, '2020-11-28', 8.7),
(165, 12, '2020-11-29', 8.9),
(166, 12, '2020-11-30', 9),
(167, 12, '2020-12-01', 9),
(168, 12, '2020-12-02', 9),
(169, 12, '2020-12-03', 9),
(170, 12, '2020-12-04', 9.1),
(171, 12, '2020-12-05', 8.6),
(172, 12, '2020-12-06', 8.5),
(173, 12, '2020-12-07', 8.7),
(174, 12, '2020-12-08', 8.9),
(175, 12, '2020-12-09', 8.6),
(176, 12, '2020-12-10', 0),
(177, 12, '2020-12-11', 8.9),
(178, 12, '2020-12-12', 8.8),
(179, 13, '2020-11-21', 8.9),
(180, 13, '2020-11-22', 9),
(181, 13, '2020-11-23', 8.7),
(182, 13, '2020-11-24', 8.6),
(183, 13, '2020-11-25', 8.5),
(184, 13, '2020-11-26', 8.6),
(185, 13, '2020-11-27', 7.6),
(186, 13, '2020-11-28', 6),
(187, 13, '2020-11-29', 0),
(188, 13, '2020-11-30', 0),
(189, 13, '2020-12-01', 0),
(190, 13, '2020-12-02', 8),
(191, 13, '2020-12-03', 7),
(192, 13, '2020-12-04', 8.9),
(193, 13, '2020-12-05', 8.7),
(194, 13, '2020-12-06', 9),
(195, 13, '2020-12-07', 8.9),
(196, 13, '2020-12-08', 8.7),
(197, 13, '2020-12-09', 8.8),
(198, 13, '2020-12-10', 8.8),
(199, 13, '2020-12-11', 8.7),
(200, 13, '2020-12-12', 8.6),
(201, 14, '2020-11-21', 8),
(202, 14, '2020-11-22', 7.5),
(203, 14, '2020-11-23', 7),
(204, 14, '2020-11-24', 8),
(205, 14, '2020-11-25', 7),
(206, 14, '2020-11-26', 0),
(207, 14, '2020-11-27', 9),
(208, 14, '2020-11-28', 8.9),
(209, 14, '2020-11-29', 8),
(210, 14, '2020-11-30', 8),
(211, 14, '2020-12-01', 8.8),
(212, 14, '2020-12-02', 7.8),
(213, 14, '2020-12-03', 8.9),
(214, 14, '2020-12-04', 8.8),
(215, 14, '2020-12-05', 8.6),
(216, 14, '2020-12-06', 8.7),
(217, 14, '2020-12-07', 8.8),
(218, 14, '2020-12-08', 9),
(219, 14, '2020-12-09', 8.8),
(220, 14, '2020-12-10', 7.7),
(221, 14, '2020-12-11', 7.5),
(222, 14, '2020-12-12', 7.6),
(223, 15, '2020-11-21', 8),
(224, 15, '2020-11-22', 9),
(225, 15, '2020-11-23', 9),
(226, 15, '2020-11-24', 0),
(227, 15, '2020-11-25', 9.2),
(228, 15, '2020-11-26', 9),
(229, 15, '2020-11-27', 9),
(230, 15, '2020-11-28', 8.8),
(231, 15, '2020-11-29', 8),
(232, 15, '2020-11-30', 8.7),
(233, 15, '2020-12-01', 8.9),
(234, 15, '2020-12-02', 9),
(235, 15, '2020-12-03', 9),
(236, 15, '2020-12-04', 8),
(237, 15, '2020-12-05', 8.8),
(238, 15, '2020-12-06', 8.7),
(239, 15, '2020-12-07', 8.9),
(240, 15, '2020-12-08', 9),
(241, 15, '2020-12-09', 9),
(242, 15, '2020-12-10', 9),
(243, 15, '2020-12-11', 8.9),
(244, 15, '2020-12-12', 8.7),
(245, 16, '2020-11-21', 8.7),
(246, 16, '2020-11-22', 9.1),
(247, 16, '2020-11-23', 8.8),
(248, 16, '2020-11-24', 8.7),
(249, 16, '2020-11-25', 8),
(250, 16, '2020-11-26', 8),
(251, 16, '2020-11-27', 0),
(252, 16, '2020-11-28', 0),
(253, 16, '2020-11-29', 0),
(254, 16, '2020-11-30', 8.9),
(255, 16, '2020-12-01', 8.8),
(256, 16, '2020-12-02', 8.7),
(257, 16, '2020-12-03', 9.1),
(258, 16, '2020-12-04', 9),
(259, 16, '2020-12-05', 8),
(260, 16, '2020-12-06', 8.9),
(261, 16, '2020-12-07', 8.8),
(262, 16, '2020-12-08', 8.7),
(263, 16, '2020-12-09', 8.9),
(264, 16, '2020-12-10', 8.6),
(265, 16, '2020-12-11', 8.7),
(266, 16, '2020-12-12', 8.7),
(267, 17, '2020-11-21', 8.6),
(268, 17, '2020-11-22', 8.5),
(269, 17, '2020-11-23', 8.8),
(270, 17, '2020-11-24', 8.9),
(271, 17, '2020-11-25', 9),
(272, 17, '2020-11-26', 9),
(273, 17, '2020-11-27', 9),
(274, 17, '2020-11-28', 9),
(275, 17, '2020-11-29', 9),
(276, 17, '2020-11-30', 9),
(277, 17, '2020-12-01', 8.9),
(278, 17, '2020-12-02', 8.7),
(279, 17, '2020-12-03', 0),
(280, 17, '2020-12-04', 8.9),
(281, 17, '2020-12-05', 8.3),
(282, 17, '2020-12-06', 8),
(283, 17, '2020-12-07', 8.1),
(284, 17, '2020-12-08', 8),
(285, 17, '2020-12-09', 9),
(286, 17, '2020-12-10', 9),
(287, 17, '2020-12-11', 9),
(288, 17, '2020-12-12', 9),
(289, 18, '2020-11-21', 8.8),
(290, 18, '2020-11-22', 7.6),
(291, 18, '2020-11-23', 8.8),
(292, 18, '2020-11-24', 9.3),
(293, 18, '2020-11-25', 9),
(294, 18, '2020-11-26', 8.8),
(295, 18, '2020-11-27', 8.7),
(296, 18, '2020-11-28', 8.8),
(297, 18, '2020-11-29', 8.9),
(298, 18, '2020-11-30', 8.8),
(299, 18, '2020-12-01', 8.7),
(300, 18, '2020-12-02', 9.1),
(301, 18, '2020-12-03', 7),
(302, 18, '2020-12-04', 7),
(303, 18, '2020-12-05', 9),
(304, 18, '2020-12-06', 8),
(305, 18, '2020-12-07', 0),
(306, 18, '2020-12-08', 7.5),
(307, 18, '2020-12-09', 9),
(308, 18, '2020-12-10', 8.7),
(309, 18, '2020-12-11', 8.6),
(310, 18, '2020-12-12', 9),
(311, 19, '2020-11-21', 8),
(312, 19, '2020-11-22', 9),
(313, 19, '2020-11-23', 8),
(314, 19, '2020-11-24', 8.8),
(315, 19, '2020-11-25', 0),
(316, 19, '2020-11-26', 9),
(317, 19, '2020-11-27', 8.7),
(318, 19, '2020-11-28', 8.6),
(319, 19, '2020-11-29', 8.7),
(320, 19, '2020-11-30', 8.9),
(321, 19, '2020-12-01', 5),
(322, 19, '2020-12-02', 9),
(323, 19, '2020-12-03', 9),
(324, 19, '2020-12-04', 9),
(325, 19, '2020-12-05', 8.8),
(326, 19, '2020-12-06', 8.7),
(327, 19, '2020-12-07', 9),
(328, 19, '2020-12-08', 9),
(329, 19, '2020-12-09', 9),
(330, 19, '2020-12-10', 8.7),
(331, 19, '2020-12-11', 8),
(332, 19, '2020-12-12', 9);

-- --------------------------------------------------------

--
-- Table structure for table `kategori`
--

CREATE TABLE `kategori` (
  `id` int(11) NOT NULL,
  `nama_kategori` varchar(30) NOT NULL
) ENGINE=InnoDB DEFAULT CHARSET=latin1;

--
-- Dumping data for table `kategori`
--

INSERT INTO `kategori` (`id`, `nama_kategori`) VALUES
(1, 'Sangat Kecil'),
(2, 'Kecil'),
(3, 'Sedang'),
(4, 'Besar'),
(5, 'Sangat Besar');

-- --------------------------------------------------------

--
-- Table structure for table `kinerja`
--

CREATE TABLE `kinerja` (
  `id` int(11) NOT NULL,
  `id_user` int(4) NOT NULL,
  `tanggal` date NOT NULL,
  `kegiatan` varchar(100) NOT NULL,
  `gambar` varchar(100) DEFAULT NULL,
  `dokumen` varchar(100) DEFAULT NULL,
  `status` varchar(10) NOT NULL DEFAULT 'Mulai',
  `id_kategori` int(11) NOT NULL,
  `poin` float DEFAULT NULL,
  `waktu` time NOT NULL,
  `update_status` timestamp NOT NULL DEFAULT CURRENT_TIMESTAMP
) ENGINE=InnoDB DEFAULT CHARSET=latin1;

--
-- Dumping data for table `kinerja`
--

INSERT INTO `kinerja` (`id`, `id_user`, `tanggal`, `kegiatan`, `gambar`, `dokumen`, `status`, `id_kategori`, `poin`, `waktu`, `update_status`) VALUES
(5, 3, '2020-12-05', 'Lorem ipsum dolor', NULL, NULL, 'Selesai', 3, 100, '00:00:00', '2020-11-10 07:14:12'),
(6, 3, '2020-12-06', 'Lorem ipsum', NULL, NULL, 'Selesai', 3, 100, '00:00:00', '2020-11-10 07:14:12'),
(7, 3, '2020-12-07', 'Lorem ipsum dolor sit amet, consectetuer adipiscing', NULL, NULL, 'Selesai', 3, 100, '00:00:00', '2020-11-10 07:14:12'),
(15, 4, '2020-12-05', 'Lorem ipsum dolor sit amet, consectetuer adipiscing elit. Curabitur sed tortor. Integer aliquam adip', NULL, NULL, 'Selesai', 3, 100, '00:12:59', '2020-11-10 07:14:12'),
(33, 6, '2020-11-21', 'Kinerja', NULL, NULL, 'Selesai', 4, 88, '00:12:59', '2020-12-13 07:14:12'),
(34, 6, '2020-11-22', 'Kinerja', NULL, NULL, 'Selesai', 4, 86, '00:12:59', '2020-12-13 07:14:12'),
(35, 6, '2020-11-23', 'Kinerja', NULL, NULL, 'Selesai', 4, 100, '00:12:59', '2020-12-13 07:14:12'),
(36, 6, '2020-11-24', 'Kinerja', NULL, NULL, 'Selesai', 4, 83, '00:12:59', '2020-12-13 07:14:12'),
(37, 6, '2020-11-25', 'Kinerja', NULL, NULL, 'Selesai', 4, 98, '00:12:59', '2020-12-13 07:14:12'),
(38, 6, '2020-11-26', 'Kinerja', NULL, NULL, 'Selesai', 4, 100, '00:12:59', '2020-12-13 07:14:12'),
(39, 6, '2020-11-27', 'Kinerja', NULL, NULL, 'Selesai', 5, 82, '00:12:59', '2020-12-13 07:14:12'),
(40, 6, '2020-11-28', 'Kinerja', NULL, NULL, 'Selesai', 4, 80, '00:12:59', '2020-12-13 07:14:12'),
(41, 6, '2020-11-29', 'Kinerja', NULL, NULL, 'Selesai', 4, 83, '00:12:59', '2020-12-13 07:14:12'),
(42, 6, '2020-11-30', 'Kinerja', NULL, NULL, 'Selesai', 4, 85, '00:12:59', '2020-12-13 07:14:12'),
(43, 6, '2020-12-01', 'Kinerja', NULL, NULL, 'Selesai', 3, 100, '00:12:59', '2020-12-13 07:14:12'),
(44, 6, '2020-12-02', 'Kinerja', NULL, NULL, 'Selesai', 4, 88, '00:12:59', '2020-12-13 07:14:12'),
(45, 6, '2020-12-03', 'Kinerja', NULL, NULL, 'Selesai', 1, 0, '00:12:59', '2020-12-13 07:14:12'),
(46, 6, '2020-12-04', 'Kinerja', NULL, NULL, 'Selesai', 4, 93, '00:12:59', '2020-12-13 07:14:12'),
(47, 6, '2020-12-05', 'Kinerja', NULL, NULL, 'Selesai', 4, 88, '00:12:59', '2020-12-13 07:14:12'),
(48, 6, '2020-12-06', 'Kinerja', NULL, NULL, 'Selesai', 4, 80, '00:12:59', '2020-12-13 07:14:12'),
(49, 6, '2020-12-07', 'Kinerja', NULL, NULL, 'Selesai', 3, 90, '00:12:59', '2020-12-13 07:14:12'),
(50, 6, '2020-12-08', 'Kinerja', NULL, NULL, 'Selesai', 3, 100, '00:12:59', '2020-12-13 07:14:12'),
(51, 6, '2020-12-09', 'Kinerja', NULL, NULL, 'Selesai', 4, 100, '00:12:59', '2020-12-13 07:14:12'),
(52, 6, '2020-12-10', 'Kinerja', NULL, NULL, 'Selesai', 4, 90, '00:12:59', '2020-12-13 07:14:12'),
(53, 6, '2020-12-11', 'Kinerja', NULL, NULL, 'Selesai', 5, 82, '00:12:59', '2020-12-13 07:14:12'),
(54, 6, '2020-12-12', 'Kinerja', NULL, NULL, 'Selesai', 4, 88, '00:12:59', '2020-12-13 07:14:12'),
(55, 7, '2020-11-21', 'Kinerja', NULL, NULL, 'Selesai', 4, 83, '00:12:59', '2020-12-13 07:14:12'),
(56, 7, '2020-11-22', 'Kinerja', NULL, NULL, 'Selesai', 3, 100, '00:12:59', '2020-12-13 07:14:12'),
(57, 7, '2020-11-23', 'Kinerja', NULL, NULL, 'Selesai', 5, 82, '00:12:59', '2020-12-13 07:14:12'),
(58, 7, '2020-11-24', 'Kinerja', NULL, NULL, 'Selesai', 4, 100, '00:12:59', '2020-12-13 07:14:12'),
(59, 7, '2020-11-25', 'Kinerja', NULL, NULL, 'Selesai', 4, 98, '00:12:59', '2020-12-13 07:14:12'),
(60, 7, '2020-11-26', 'Kinerja', NULL, NULL, 'Selesai', 4, 93, '00:12:59', '2020-12-13 07:14:12'),
(61, 7, '2020-11-27', 'Kinerja', NULL, NULL, 'Selesai', 4, 90, '00:12:59', '2020-12-13 07:14:12'),
(62, 7, '2020-11-28', 'Kinerja', NULL, NULL, 'Selesai', 4, 88, '00:12:59', '2020-12-13 07:14:12'),
(63, 7, '2020-11-29', 'Kinerja', NULL, NULL, 'Selesai', 4, 98, '00:12:59', '2020-12-13 07:14:12'),
(64, 7, '2020-11-30', 'Kinerja', NULL, NULL, 'Selesai', 4, 98, '00:12:59', '2020-12-13 07:14:12'),
(65, 7, '2020-12-01', 'Kinerja', NULL, NULL, 'Selesai', 4, 85, '00:12:59', '2020-12-13 07:14:12'),
(66, 7, '2020-12-02', 'Kinerja', NULL, NULL, 'Selesai', 5, 82, '00:12:59', '2020-12-13 07:14:12'),
(67, 7, '2020-12-03', 'Kinerja', NULL, NULL, 'Selesai', 5, 90, '00:12:59', '2020-12-13 07:14:12'),
(68, 7, '2020-12-04', 'Kinerja', NULL, NULL, 'Selesai', 4, 100, '00:12:59', '2020-12-13 07:14:12'),
(69, 7, '2020-12-05', 'Kinerja', NULL, NULL, 'Selesai', 1, 0, '00:12:59', '2020-12-13 07:14:12'),
(70, 7, '2020-12-06', 'Kinerja', NULL, NULL, 'Selesai', 1, 0, '00:12:59', '2020-12-13 07:14:12'),
(71, 7, '2020-12-07', 'Kinerja', NULL, NULL, 'Selesai', 4, 78, '00:12:59', '2020-12-13 07:14:12'),
(72, 7, '2020-12-08', 'Kinerja', NULL, NULL, 'Selesai', 4, 85, '00:12:59', '2020-12-13 07:14:12'),
(73, 7, '2020-12-09', 'Kinerja', NULL, NULL, 'Selesai', 3, 77, '00:12:59', '2020-12-13 07:14:12'),
(74, 7, '2020-12-10', 'Kinerja', NULL, NULL, 'Selesai', 3, 100, '00:12:59', '2020-12-13 07:14:12'),
(75, 7, '2020-12-11', 'Kinerja', NULL, NULL, 'Selesai', 2, 100, '00:12:59', '2020-12-13 07:14:12'),
(76, 7, '2020-12-12', 'Kinerja', NULL, NULL, 'Selesai', 4, 100, '00:12:59', '2020-12-13 07:14:12'),
(77, 8, '2020-11-21', 'Kinerja', NULL, NULL, 'Selesai', 4, 85, '00:12:59', '2020-12-13 07:14:12'),
(78, 8, '2020-11-22', 'Kinerja', NULL, NULL, 'Selesai', 4, 90, '00:12:59', '2020-12-13 07:14:12'),
(79, 8, '2020-11-23', 'Kinerja', NULL, NULL, 'Selesai', 4, 98, '00:12:59', '2020-12-13 07:14:12'),
(80, 8, '2020-11-24', 'Kinerja', NULL, NULL, 'Selesai', 4, 100, '00:12:59', '2020-12-13 07:14:12'),
(81, 8, '2020-11-25', 'Kinerja', NULL, NULL, 'Selesai', 4, 78, '00:12:59', '2020-12-13 07:14:12'),
(82, 8, '2020-11-26', 'Kinerja', NULL, NULL, 'Selesai', 3, 97, '00:12:59', '2020-12-13 07:14:12'),
(83, 8, '2020-11-27', 'Kinerja', NULL, NULL, 'Selesai', 4, 100, '00:12:59', '2020-12-13 07:14:12'),
(84, 8, '2020-11-28', 'Kinerja', NULL, NULL, 'Selesai', 3, 97, '00:12:59', '2020-12-13 07:14:12'),
(85, 8, '2020-11-29', 'Kinerja', NULL, NULL, 'Selesai', 3, 100, '00:12:59', '2020-12-13 07:14:12'),
(86, 8, '2020-11-30', 'Kinerja', NULL, NULL, 'Selesai', 3, 83, '00:12:59', '2020-12-13 07:14:12'),
(87, 8, '2020-12-01', 'Kinerja', NULL, NULL, 'Selesai', 4, 90, '00:12:59', '2020-12-13 07:14:12'),
(88, 8, '2020-12-02', 'Kinerja', NULL, NULL, 'Selesai', 4, 98, '00:12:59', '2020-12-13 07:14:12'),
(89, 8, '2020-12-03', 'Kinerja', NULL, NULL, 'Selesai', 4, 93, '00:12:59', '2020-12-13 07:14:12'),
(90, 8, '2020-12-04', 'Kinerja', NULL, NULL, 'Selesai', 4, 90, '00:12:59', '2020-12-13 07:14:12'),
(91, 8, '2020-12-05', 'Kinerja', NULL, NULL, 'Selesai', 1, 100, '00:12:59', '2020-12-13 07:14:12'),
(92, 8, '2020-12-06', 'Kinerja', NULL, NULL, 'Selesai', 3, 100, '00:12:59', '2020-12-13 07:14:12'),
(93, 8, '2020-12-07', 'Kinerja', NULL, NULL, 'Selesai', 4, 88, '00:12:59', '2020-12-13 07:14:12'),
(94, 8, '2020-12-08', 'Kinerja', NULL, NULL, 'Selesai', 4, 95, '00:12:59', '2020-12-13 07:14:12'),
(95, 8, '2020-12-09', 'Kinerja', NULL, NULL, 'Selesai', 4, 98, '00:12:59', '2020-12-13 07:14:12'),
(96, 8, '2020-12-10', 'Kinerja', NULL, NULL, 'Selesai', 4, 100, '00:12:59', '2020-12-13 07:14:12'),
(97, 8, '2020-12-11', 'Kinerja', NULL, NULL, 'Selesai', 1, 0, '00:12:59', '2020-12-13 07:14:12'),
(98, 8, '2020-12-12', 'Kinerja', NULL, NULL, 'Selesai', 4, 80, '00:12:59', '2020-12-13 07:14:12'),
(99, 9, '2020-11-21', 'Kinerja', NULL, NULL, 'Selesai', 2, 75, '00:12:59', '2020-12-13 07:14:12'),
(100, 9, '2020-11-22', 'Kinerja', NULL, NULL, 'Selesai', 3, 70, '00:12:59', '2020-12-13 07:14:12'),
(101, 9, '2020-11-23', 'Kinerja', NULL, NULL, 'Selesai', 3, 77, '00:12:59', '2020-12-13 07:14:12'),
(102, 9, '2020-11-24', 'Kinerja', NULL, NULL, 'Selesai', 1, 100, '00:12:59', '2020-12-13 07:14:12'),
(103, 9, '2020-11-25', 'Kinerja', NULL, NULL, 'Selesai', 3, 93, '00:12:59', '2020-12-13 07:14:12'),
(104, 9, '2020-11-26', 'Kinerja', NULL, NULL, 'Selesai', 3, 83, '00:12:59', '2020-12-13 07:14:12'),
(105, 9, '2020-11-27', 'Kinerja', NULL, NULL, 'Selesai', 2, 100, '00:12:59', '2020-12-13 07:14:12'),
(106, 9, '2020-11-28', 'Kinerja', NULL, NULL, 'Selesai', 3, 70, '00:12:59', '2020-12-13 07:14:12'),
(107, 9, '2020-11-29', 'Kinerja', NULL, NULL, 'Selesai', 4, 80, '00:12:59', '2020-12-13 07:14:12'),
(108, 9, '2020-11-30', 'Kinerja', NULL, NULL, 'Selesai', 4, 80, '00:12:59', '2020-12-13 07:14:12'),
(109, 9, '2020-12-01', 'Kinerja', NULL, NULL, 'Selesai', 1, 0, '00:12:59', '2020-12-13 07:14:12'),
(110, 9, '2020-12-02', 'Kinerja', NULL, NULL, 'Selesai', 4, 98, '00:12:59', '2020-12-13 07:14:12'),
(111, 9, '2020-12-03', 'Kinerja', NULL, NULL, 'Selesai', 4, 90, '00:12:59', '2020-12-13 07:14:12'),
(112, 9, '2020-12-04', 'Kinerja', NULL, NULL, 'Selesai', 4, 80, '00:12:59', '2020-12-13 07:14:12'),
(113, 9, '2020-12-05', 'Kinerja', NULL, NULL, 'Selesai', 4, 80, '00:12:59', '2020-12-13 07:14:12'),
(114, 9, '2020-12-06', 'Kinerja', NULL, NULL, 'Selesai', 4, 95, '00:12:59', '2020-12-13 07:14:12'),
(115, 9, '2020-12-07', 'Kinerja', NULL, NULL, 'Selesai', 3, 97, '00:12:59', '2020-12-13 07:14:12'),
(116, 9, '2020-12-08', 'Kinerja', NULL, NULL, 'Selesai', 3, 100, '00:12:59', '2020-12-13 07:14:12'),
(117, 9, '2020-12-09', 'Kinerja', NULL, NULL, 'Selesai', 4, 78, '00:12:59', '2020-12-13 07:14:12'),
(118, 9, '2020-12-10', 'Kinerja', NULL, NULL, 'Selesai', 1, 0, '00:12:59', '2020-12-13 07:14:12'),
(119, 9, '2020-12-11', 'Kinerja', NULL, NULL, 'Selesai', 3, 100, '00:12:59', '2020-12-13 07:14:12'),
(120, 9, '2020-12-12', 'Kinerja', NULL, NULL, 'Selesai', 5, 90, '00:12:59', '2020-12-13 07:14:12'),
(121, 10, '2020-11-21', 'Kinerja', NULL, NULL, 'Selesai', 4, 95, '00:12:59', '2020-12-13 07:14:12'),
(122, 10, '2020-11-22', 'Kinerja', NULL, NULL, 'Selesai', 4, 100, '00:12:59', '2020-12-13 07:14:12'),
(123, 10, '2020-11-23', 'Kinerja', NULL, NULL, 'Selesai', 4, 78, '00:12:59', '2020-12-13 07:14:12'),
(124, 10, '2020-11-24', 'Kinerja', NULL, NULL, 'Selesai', 3, 83, '00:12:59', '2020-12-13 07:14:12'),
(125, 10, '2020-11-25', 'Kinerja', NULL, NULL, 'Selesai', 4, 88, '00:12:59', '2020-12-13 07:14:12'),
(126, 10, '2020-11-26', 'Kinerja', NULL, NULL, 'Selesai', 1, 0, '00:12:59', '2020-12-13 07:14:12'),
(127, 10, '2020-11-27', 'Kinerja', NULL, NULL, 'Selesai', 1, 0, '00:12:59', '2020-12-13 07:14:12'),
(128, 10, '2020-11-28', 'Kinerja', NULL, NULL, 'Selesai', 4, 100, '00:12:59', '2020-12-13 07:14:12'),
(129, 10, '2020-11-29', 'Kinerja', NULL, NULL, 'Selesai', 4, 80, '00:12:59', '2020-12-13 07:14:12'),
(130, 10, '2020-11-30', 'Kinerja', NULL, NULL, 'Selesai', 3, 83, '00:12:59', '2020-12-13 07:14:12'),
(131, 10, '2020-12-01', 'Kinerja', NULL, NULL, 'Selesai', 3, 100, '00:12:59', '2020-12-13 07:14:12'),
(132, 10, '2020-12-02', 'Kinerja', NULL, NULL, 'Selesai', 2, 85, '00:12:59', '2020-12-13 07:14:12'),
(133, 10, '2020-12-03', 'Kinerja', NULL, NULL, 'Selesai', 3, 90, '00:12:59', '2020-12-13 07:14:12'),
(134, 10, '2020-12-04', 'Kinerja', NULL, NULL, 'Selesai', 4, 88, '00:12:59', '2020-12-13 07:14:12'),
(135, 10, '2020-12-05', 'Kinerja', NULL, NULL, 'Selesai', 4, 100, '00:12:59', '2020-12-13 07:14:12'),
(136, 10, '2020-12-06', 'Kinerja', NULL, NULL, 'Selesai', 4, 78, '00:12:59', '2020-12-13 07:14:12'),
(137, 10, '2020-12-07', 'Kinerja', NULL, NULL, 'Selesai', 3, 80, '00:12:59', '2020-12-13 07:14:12'),
(138, 10, '2020-12-08', 'Kinerja', NULL, NULL, 'Selesai', 5, 100, '00:12:59', '2020-12-13 07:14:12'),
(139, 10, '2020-12-09', 'Kinerja', NULL, NULL, 'Selesai', 5, 86, '00:12:59', '2020-12-13 07:14:12'),
(140, 10, '2020-12-10', 'Kinerja', NULL, NULL, 'Selesai', 4, 88, '00:12:59', '2020-12-13 07:14:12'),
(141, 10, '2020-12-11', 'Kinerja', NULL, NULL, 'Selesai', 4, 78, '00:12:59', '2020-12-13 07:14:12'),
(142, 10, '2020-12-12', 'Kinerja', NULL, NULL, 'Selesai', 3, 100, '00:12:59', '2020-12-13 07:14:12'),
(143, 11, '2020-11-21', 'Kinerja', NULL, NULL, 'Selesai', 5, 84, '00:12:59', '2020-12-13 07:14:12'),
(144, 11, '2020-11-22', 'Kinerja', NULL, NULL, 'Selesai', 4, 100, '00:12:59', '2020-12-13 07:14:12'),
(145, 11, '2020-11-23', 'Kinerja', NULL, NULL, 'Selesai', 5, 100, '00:12:59', '2020-12-13 07:14:12'),
(146, 11, '2020-11-24', 'Kinerja', NULL, NULL, 'Selesai', 4, 78, '00:12:59', '2020-12-13 07:14:12'),
(147, 11, '2020-11-25', 'Kinerja', NULL, NULL, 'Selesai', 1, 0, '00:12:59', '2020-12-13 07:14:12'),
(148, 11, '2020-11-26', 'Kinerja', NULL, NULL, 'Selesai', 1, 30, '00:12:59', '2020-12-13 07:14:12'),
(149, 11, '2020-11-27', 'Kinerja', NULL, NULL, 'Selesai', 1, 90, '00:12:59', '2020-12-13 07:14:12'),
(150, 11, '2020-11-28', 'Kinerja', NULL, NULL, 'Selesai', 1, 80, '00:12:59', '2020-12-13 07:14:12'),
(151, 11, '2020-11-29', 'Kinerja', NULL, NULL, 'Selesai', 5, 82, '00:12:59', '2020-12-13 07:14:12'),
(152, 11, '2020-11-30', 'Kinerja', NULL, NULL, 'Selesai', 4, 100, '00:12:59', '2020-12-13 07:14:12'),
(153, 11, '2020-12-01', 'Kinerja', NULL, NULL, 'Selesai', 4, 88, '00:12:59', '2020-12-13 07:14:12'),
(154, 11, '2020-12-02', 'Kinerja', NULL, NULL, 'Selesai', 3, 83, '00:12:59', '2020-12-13 07:14:12'),
(155, 11, '2020-12-03', 'Kinerja', NULL, NULL, 'Selesai', 2, 95, '00:12:59', '2020-12-13 07:14:12'),
(156, 11, '2020-12-04', 'Kinerja', NULL, NULL, 'Selesai', 1, 50, '00:12:59', '2020-12-13 07:14:12'),
(157, 11, '2020-12-05', 'Kinerja', NULL, NULL, 'Selesai', 1, 100, '00:12:59', '2020-12-13 07:14:12'),
(158, 11, '2020-12-06', 'Kinerja', NULL, NULL, 'Selesai', 1, 100, '00:12:59', '2020-12-13 07:14:12'),
(159, 11, '2020-12-07', 'Kinerja', NULL, NULL, 'Selesai', 1, 0, '00:12:59', '2020-12-13 07:14:12'),
(160, 11, '2020-12-08', 'Kinerja', NULL, NULL, 'Selesai', 2, 100, '00:12:59', '2020-12-13 07:14:12'),
(161, 11, '2020-12-09', 'Kinerja', NULL, NULL, 'Selesai', 4, 85, '00:12:59', '2020-12-13 07:14:12'),
(162, 11, '2020-12-10', 'Kinerja', NULL, NULL, 'Selesai', 4, 80, '00:12:59', '2020-12-13 07:14:12'),
(163, 11, '2020-12-11', 'Kinerja', NULL, NULL, 'Selesai', 2, 75, '00:12:59', '2020-12-13 07:14:12'),
(164, 11, '2020-12-12', 'Kinerja', NULL, NULL, 'Selesai', 1, 100, '00:12:59', '2020-12-13 07:14:12'),
(165, 12, '2020-11-21', 'Kinerja', NULL, NULL, 'Selesai', 1, 0, '00:12:59', '2020-12-13 07:14:12'),
(166, 12, '2020-11-22', 'Kinerja', NULL, NULL, 'Selesai', 4, 78, '00:12:59', '2020-12-13 07:14:12'),
(167, 12, '2020-11-23', 'Kinerja', NULL, NULL, 'Selesai', 5, 100, '00:12:59', '2020-12-13 07:14:12'),
(168, 12, '2020-11-24', 'Kinerja', NULL, NULL, 'Selesai', 4, 85, '00:12:59', '2020-12-13 07:14:12'),
(169, 12, '2020-11-25', 'Kinerja', NULL, NULL, 'Selesai', 4, 88, '00:12:59', '2020-12-13 07:14:12'),
(170, 12, '2020-11-26', 'Kinerja', NULL, NULL, 'Selesai', 3, 100, '00:12:59', '2020-12-13 07:14:12'),
(171, 12, '2020-11-27', 'Kinerja', NULL, NULL, 'Selesai', 2, 100, '00:12:59', '2020-12-13 07:14:12'),
(172, 12, '2020-11-28', 'Kinerja', NULL, NULL, 'Selesai', 2, 85, '00:12:59', '2020-12-13 07:14:12'),
(173, 12, '2020-11-29', 'Kinerja', NULL, NULL, 'Selesai', 2, 60, '00:12:59', '2020-12-13 07:14:12'),
(174, 12, '2020-11-30', 'Kinerja', NULL, NULL, 'Selesai', 3, 83, '00:12:59', '2020-12-13 07:14:12'),
(175, 12, '2020-12-01', 'Kinerja', NULL, NULL, 'Selesai', 2, 65, '00:12:59', '2020-12-13 07:14:12'),
(176, 12, '2020-12-02', 'Kinerja', NULL, NULL, 'Selesai', 2, 85, '00:12:59', '2020-12-13 07:14:12'),
(177, 12, '2020-12-03', 'Kinerja', NULL, NULL, 'Selesai', 5, 86, '00:12:59', '2020-12-13 07:14:12'),
(178, 12, '2020-12-04', 'Kinerja', NULL, NULL, 'Selesai', 3, 100, '00:12:59', '2020-12-13 07:14:12'),
(179, 12, '2020-12-05', 'Kinerja', NULL, NULL, 'Selesai', 3, 80, '00:12:59', '2020-12-13 07:14:12'),
(180, 12, '2020-12-06', 'Kinerja', NULL, NULL, 'Selesai', 3, 97, '00:12:59', '2020-12-13 07:14:12'),
(181, 12, '2020-12-07', 'Kinerja', NULL, NULL, 'Selesai', 1, 40, '00:12:59', '2020-12-13 07:14:12'),
(182, 12, '2020-12-08', 'Kinerja', NULL, NULL, 'Selesai', 1, 50, '00:12:59', '2020-12-13 07:14:12'),
(183, 12, '2020-12-09', 'Kinerja', NULL, NULL, 'Selesai', 2, 100, '00:12:59', '2020-12-13 07:14:12'),
(184, 12, '2020-12-10', 'Kinerja', NULL, NULL, 'Selesai', 1, 0, '00:12:59', '2020-12-13 07:14:12'),
(185, 12, '2020-12-11', 'Kinerja', NULL, NULL, 'Selesai', 1, 80, '00:12:59', '2020-12-13 07:14:12'),
(186, 12, '2020-12-12', 'Kinerja', NULL, NULL, 'Selesai', 5, 82, '00:12:59', '2020-12-13 07:14:12'),
(187, 13, '2020-11-21', 'Kinerja', NULL, NULL, 'Selesai', 4, 78, '00:12:59', '2020-12-13 07:14:12'),
(188, 13, '2020-11-22', 'Kinerja', NULL, NULL, 'Selesai', 4, 90, '00:12:59', '2020-12-13 07:14:12'),
(189, 13, '2020-11-23', 'Kinerja', NULL, NULL, 'Selesai', 4, 85, '00:12:59', '2020-12-13 07:14:12'),
(190, 13, '2020-11-24', 'Kinerja', NULL, NULL, 'Selesai', 4, 78, '00:12:59', '2020-12-13 07:14:12'),
(191, 13, '2020-11-25', 'Kinerja', NULL, NULL, 'Selesai', 5, 100, '00:12:59', '2020-12-13 07:14:12'),
(192, 13, '2020-11-26', 'Kinerja', NULL, NULL, 'Selesai', 5, 92, '00:12:59', '2020-12-13 07:14:12'),
(193, 13, '2020-11-27', 'Kinerja', NULL, NULL, 'Selesai', 5, 98, '00:12:59', '2020-12-13 07:14:12'),
(194, 13, '2020-11-28', 'Kinerja', NULL, NULL, 'Selesai', 5, 100, '00:12:59', '2020-12-13 07:14:12'),
(195, 13, '2020-11-29', 'Kinerja', NULL, NULL, 'Selesai', 1, 0, '00:12:59', '2020-12-13 07:14:12'),
(196, 13, '2020-11-30', 'Kinerja', NULL, NULL, 'Selesai', 1, 0, '00:12:59', '2020-12-13 07:14:12'),
(197, 13, '2020-12-01', 'Kinerja', NULL, NULL, 'Selesai', 1, 0, '00:12:59', '2020-12-13 07:14:12'),
(198, 13, '2020-12-02', 'Kinerja', NULL, NULL, 'Selesai', 3, 80, '00:12:59', '2020-12-13 07:14:12'),
(199, 13, '2020-12-03', 'Kinerja', NULL, NULL, 'Selesai', 4, 85, '00:12:59', '2020-12-13 07:14:12'),
(200, 13, '2020-12-04', 'Kinerja', NULL, NULL, 'Selesai', 3, 77, '00:12:59', '2020-12-13 07:14:12'),
(201, 13, '2020-12-05', 'Kinerja', NULL, NULL, 'Selesai', 5, 90, '00:12:59', '2020-12-13 07:14:12'),
(202, 13, '2020-12-06', 'Kinerja', NULL, NULL, 'Selesai', 3, 77, '00:12:59', '2020-12-13 07:14:12'),
(203, 13, '2020-12-07', 'Kinerja', NULL, NULL, 'Selesai', 1, 10, '00:12:59', '2020-12-13 07:14:12'),
(204, 13, '2020-12-08', 'Kinerja', NULL, NULL, 'Selesai', 1, 30, '00:12:59', '2020-12-13 07:14:12'),
(205, 13, '2020-12-09', 'Kinerja', NULL, NULL, 'Selesai', 1, 60, '00:12:59', '2020-12-13 07:14:12'),
(206, 13, '2020-12-10', 'Kinerja', NULL, NULL, 'Selesai', 1, 40, '00:12:59', '2020-12-13 07:14:12'),
(207, 13, '2020-12-11', 'Kinerja', NULL, NULL, 'Selesai', 2, 95, '00:12:59', '2020-12-13 07:14:12'),
(208, 13, '2020-12-12', 'Kinerja', NULL, NULL, 'Selesai', 1, 100, '00:12:59', '2020-12-13 07:14:12'),
(209, 14, '2020-11-21', 'Kinerja', NULL, NULL, 'Selesai', 3, 100, '00:12:59', '2020-12-13 07:14:12'),
(210, 14, '2020-11-22', 'Kinerja', NULL, NULL, 'Selesai', 4, 88, '00:12:59', '2020-12-13 07:14:12'),
(211, 14, '2020-11-23', 'Kinerja', NULL, NULL, 'Selesai', 1, 30, '00:12:59', '2020-12-13 07:14:12'),
(212, 14, '2020-11-24', 'Kinerja', NULL, NULL, 'Selesai', 1, 10, '00:12:59', '2020-12-13 07:14:12'),
(213, 14, '2020-11-25', 'Kinerja', NULL, NULL, 'Selesai', 1, 50, '00:12:59', '2020-12-13 07:14:12'),
(214, 14, '2020-11-26', 'Kinerja', NULL, NULL, 'Selesai', 4, 100, '00:12:59', '2020-12-13 07:14:12'),
(215, 14, '2020-11-27', 'Kinerja', NULL, NULL, 'Selesai', 3, 87, '00:12:59', '2020-12-13 07:14:12'),
(216, 14, '2020-11-28', 'Kinerja', NULL, NULL, 'Selesai', 5, 90, '00:12:59', '2020-12-13 07:14:12'),
(217, 14, '2020-11-29', 'Kinerja', NULL, NULL, 'Selesai', 5, 82, '00:12:59', '2020-12-13 07:14:12'),
(218, 14, '2020-11-30', 'Kinerja', NULL, NULL, 'Selesai', 4, 78, '00:12:59', '2020-12-13 07:14:12'),
(219, 14, '2020-12-01', 'Kinerja', NULL, NULL, 'Selesai', 2, 100, '00:12:59', '2020-12-13 07:14:12'),
(220, 14, '2020-12-02', 'Kinerja', NULL, NULL, 'Selesai', 4, 85, '00:12:59', '2020-12-13 07:14:12'),
(221, 14, '2020-12-03', 'Kinerja', NULL, NULL, 'Selesai', 4, 90, '00:12:59', '2020-12-13 07:14:12'),
(222, 14, '2020-12-04', 'Kinerja', NULL, NULL, 'Selesai', 4, 78, '00:12:59', '2020-12-13 07:14:12'),
(223, 14, '2020-12-05', 'Kinerja', NULL, NULL, 'Selesai', 4, 90, '00:12:59', '2020-12-13 07:14:12'),
(224, 14, '2020-12-06', 'Kinerja', NULL, NULL, 'Selesai', 4, 78, '00:12:59', '2020-12-13 07:14:12'),
(225, 14, '2020-12-07', 'Kinerja', NULL, NULL, 'Selesai', 2, 100, '00:12:59', '2020-12-13 07:14:12'),
(226, 14, '2020-12-08', 'Kinerja', NULL, NULL, 'Selesai', 4, 80, '00:12:59', '2020-12-13 07:14:12'),
(227, 14, '2020-12-09', 'Kinerja', NULL, NULL, 'Selesai', 4, 98, '00:12:59', '2020-12-13 07:14:12'),
(228, 14, '2020-12-10', 'Kinerja', NULL, NULL, 'Selesai', 4, 100, '00:12:59', '2020-12-13 07:14:12'),
(229, 14, '2020-12-11', 'Kinerja', NULL, NULL, 'Selesai', 5, 96, '00:12:59', '2020-12-13 07:14:12'),
(230, 14, '2020-12-12', 'Kinerja', NULL, NULL, 'Selesai', 5, 100, '00:12:59', '2020-12-13 07:14:12'),
(231, 15, '2020-11-21', 'Kinerja', NULL, NULL, 'Selesai', 3, 70, '00:12:59', '2020-12-13 07:14:12'),
(232, 15, '2020-11-22', 'Kinerja', NULL, NULL, 'Selesai', 4, 80, '00:12:59', '2020-12-13 07:14:12'),
(233, 15, '2020-11-23', 'Kinerja', NULL, NULL, 'Selesai', 5, 100, '00:12:59', '2020-12-13 07:14:12'),
(234, 15, '2020-11-24', 'Kinerja', NULL, NULL, 'Selesai', 1, 0, '00:12:59', '2020-12-13 07:14:12'),
(235, 15, '2020-11-25', 'Kinerja', NULL, NULL, 'Selesai', 5, 90, '00:12:59', '2020-12-13 07:14:12'),
(236, 15, '2020-11-26', 'Kinerja', NULL, NULL, 'Selesai', 4, 78, '00:12:59', '2020-12-13 07:14:12'),
(237, 15, '2020-11-27', 'Kinerja', NULL, NULL, 'Selesai', 1, 30, '00:12:59', '2020-12-13 07:14:12'),
(238, 15, '2020-11-28', 'Kinerja', NULL, NULL, 'Selesai', 1, 20, '00:12:59', '2020-12-13 07:14:12'),
(239, 15, '2020-11-29', 'Kinerja', NULL, NULL, 'Selesai', 5, 90, '00:12:59', '2020-12-13 07:14:12'),
(240, 15, '2020-11-30', 'Kinerja', NULL, NULL, 'Selesai', 4, 80, '00:12:59', '2020-12-13 07:14:12'),
(241, 15, '2020-12-01', 'Kinerja', NULL, NULL, 'Selesai', 5, 90, '00:12:59', '2020-12-13 07:14:12'),
(242, 15, '2020-12-02', 'Kinerja', NULL, NULL, 'Selesai', 4, 78, '00:12:59', '2020-12-13 07:14:12'),
(243, 15, '2020-12-03', 'Kinerja', NULL, NULL, 'Selesai', 1, 70, '00:12:59', '2020-12-13 07:14:12'),
(244, 15, '2020-12-04', 'Kinerja', NULL, NULL, 'Selesai', 1, 40, '00:12:59', '2020-12-13 07:14:12'),
(245, 15, '2020-12-05', 'Kinerja', NULL, NULL, 'Selesai', 3, 100, '00:12:59', '2020-12-13 07:14:12'),
(246, 15, '2020-12-06', 'Kinerja', NULL, NULL, 'Selesai', 3, 100, '00:12:59', '2020-12-13 07:14:12'),
(247, 15, '2020-12-07', 'Kinerja', NULL, NULL, 'Selesai', 5, 90, '00:12:59', '2020-12-13 07:14:12'),
(248, 15, '2020-12-08', 'Kinerja', NULL, NULL, 'Selesai', 5, 86, '00:12:59', '2020-12-13 07:14:12'),
(249, 15, '2020-12-09', 'Kinerja', NULL, NULL, 'Selesai', 5, 100, '00:12:59', '2020-12-13 07:14:12'),
(250, 15, '2020-12-10', 'Kinerja', NULL, NULL, 'Selesai', 4, 78, '00:12:59', '2020-12-13 07:14:12'),
(251, 15, '2020-12-11', 'Kinerja', NULL, NULL, 'Selesai', 5, 100, '00:12:59', '2020-12-13 07:14:12'),
(252, 15, '2020-12-12', 'Kinerja', NULL, NULL, 'Selesai', 1, 30, '00:12:59', '2020-12-13 07:14:12'),
(253, 16, '2020-11-21', 'Kinerja', NULL, NULL, 'Selesai', 4, 80, '00:12:59', '2020-12-13 07:14:12'),
(254, 16, '2020-11-22', 'Kinerja', NULL, NULL, 'Selesai', 4, 85, '00:12:59', '2020-12-13 07:14:12'),
(255, 16, '2020-11-23', 'Kinerja', NULL, NULL, 'Selesai', 5, 100, '00:12:59', '2020-12-13 07:14:12'),
(256, 16, '2020-11-24', 'Kinerja', NULL, NULL, 'Selesai', 1, 10, '00:12:59', '2020-12-13 07:14:12'),
(257, 16, '2020-11-25', 'Kinerja', NULL, NULL, 'Selesai', 1, 40, '00:12:59', '2020-12-13 07:14:12'),
(258, 16, '2020-11-26', 'Kinerja', NULL, NULL, 'Selesai', 5, 100, '00:12:59', '2020-12-13 07:14:12'),
(259, 16, '2020-11-27', 'Kinerja', NULL, NULL, 'Selesai', 1, 0, '00:12:59', '2020-12-13 07:14:12'),
(260, 16, '2020-11-28', 'Kinerja', NULL, NULL, 'Selesai', 1, 0, '00:12:59', '2020-12-13 07:14:12'),
(261, 16, '2020-11-29', 'Kinerja', NULL, NULL, 'Selesai', 1, 0, '00:12:59', '2020-12-13 07:14:12'),
(262, 16, '2020-11-30', 'Kinerja', NULL, NULL, 'Selesai', 5, 90, '00:12:59', '2020-12-13 07:14:12'),
(263, 16, '2020-12-01', 'Kinerja', NULL, NULL, 'Selesai', 5, 86, '00:12:59', '2020-12-13 07:14:12'),
(264, 16, '2020-12-02', 'Kinerja', NULL, NULL, 'Selesai', 1, 100, '00:12:59', '2020-12-13 07:14:12'),
(265, 16, '2020-12-03', 'Kinerja', NULL, NULL, 'Selesai', 3, 93, '00:12:59', '2020-12-13 07:14:12'),
(266, 16, '2020-12-04', 'Kinerja', NULL, NULL, 'Selesai', 5, 90, '00:12:59', '2020-12-13 07:14:12'),
(267, 16, '2020-12-05', 'Kinerja', NULL, NULL, 'Selesai', 2, 85, '00:12:59', '2020-12-13 07:14:12'),
(268, 16, '2020-12-06', 'Kinerja', NULL, NULL, 'Selesai', 1, 100, '00:12:59', '2020-12-13 07:14:12'),
(269, 16, '2020-12-07', 'Kinerja', NULL, NULL, 'Selesai', 2, 65, '00:12:59', '2020-12-13 07:14:12'),
(270, 16, '2020-12-08', 'Kinerja', NULL, NULL, 'Selesai', 2, 90, '00:12:59', '2020-12-13 07:14:12'),
(271, 16, '2020-12-09', 'Kinerja', NULL, NULL, 'Selesai', 2, 100, '00:12:59', '2020-12-13 07:14:12'),
(272, 16, '2020-12-10', 'Kinerja', NULL, NULL, 'Selesai', 1, 30, '00:12:59', '2020-12-13 07:14:12'),
(273, 16, '2020-12-11', 'Kinerja', NULL, NULL, 'Selesai', 1, 60, '00:12:59', '2020-12-13 07:14:12'),
(274, 16, '2020-12-12', 'Kinerja', NULL, NULL, 'Selesai', 1, 90, '00:12:59', '2020-12-13 07:14:12'),
(275, 17, '2020-11-21', 'Kinerja', NULL, NULL, 'Selesai', 3, 70, '00:12:59', '2020-12-13 07:14:12'),
(276, 17, '2020-11-22', 'Kinerja', NULL, NULL, 'Selesai', 2, 100, '00:12:59', '2020-12-13 07:14:12'),
(277, 17, '2020-11-23', 'Kinerja', NULL, NULL, 'Selesai', 3, 100, '00:12:59', '2020-12-13 07:14:12'),
(278, 17, '2020-11-24', 'Kinerja', NULL, NULL, 'Selesai', 4, 80, '00:12:59', '2020-12-13 07:14:12'),
(279, 17, '2020-11-25', 'Kinerja', NULL, NULL, 'Selesai', 5, 90, '00:12:59', '2020-12-13 07:14:12'),
(280, 17, '2020-11-26', 'Kinerja', NULL, NULL, 'Selesai', 3, 83, '00:12:59', '2020-12-13 07:14:12'),
(281, 17, '2020-11-27', 'Kinerja', NULL, NULL, 'Selesai', 4, 85, '00:12:59', '2020-12-13 07:14:12'),
(282, 17, '2020-11-28', 'Kinerja', NULL, NULL, 'Selesai', 3, 70, '00:12:59', '2020-12-13 07:14:12'),
(283, 17, '2020-11-29', 'Kinerja', NULL, NULL, 'Selesai', 2, 100, '00:12:59', '2020-12-13 07:14:12'),
(284, 17, '2020-11-30', 'Kinerja', NULL, NULL, 'Selesai', 3, 100, '00:12:59', '2020-12-13 07:14:12'),
(285, 17, '2020-12-01', 'Kinerja', NULL, NULL, 'Selesai', 4, 88, '00:12:59', '2020-12-13 07:14:12'),
(286, 17, '2020-12-02', 'Kinerja', NULL, NULL, 'Selesai', 4, 78, '00:12:59', '2020-12-13 07:14:12'),
(287, 17, '2020-12-03', 'Kinerja', NULL, NULL, 'Selesai', 1, 0, '00:12:59', '2020-12-13 07:14:12'),
(288, 17, '2020-12-04', 'Kinerja', NULL, NULL, 'Selesai', 4, 100, '00:12:59', '2020-12-13 07:14:12'),
(289, 17, '2020-12-05', 'Kinerja', NULL, NULL, 'Selesai', 4, 80, '00:12:59', '2020-12-13 07:14:12'),
(290, 17, '2020-12-06', 'Kinerja', NULL, NULL, 'Selesai', 1, 20, '00:12:59', '2020-12-13 07:14:12'),
(291, 17, '2020-12-07', 'Kinerja', NULL, NULL, 'Selesai', 1, 40, '00:12:59', '2020-12-13 07:14:12'),
(292, 17, '2020-12-08', 'Kinerja', NULL, NULL, 'Selesai', 1, 30, '00:12:59', '2020-12-13 07:14:12'),
(293, 17, '2020-12-09', 'Kinerja', NULL, NULL, 'Selesai', 4, 100, '00:12:59', '2020-12-13 07:14:12'),
(294, 17, '2020-12-10', 'Kinerja', NULL, NULL, 'Selesai', 5, 84, '00:12:59', '2020-12-13 07:14:12'),
(295, 17, '2020-12-11', 'Kinerja', NULL, NULL, 'Selesai', 4, 100, '00:12:59', '2020-12-13 07:14:12'),
(296, 17, '2020-12-12', 'Kinerja', NULL, NULL, 'Selesai', 5, 90, '00:12:59', '2020-12-13 07:14:12'),
(297, 18, '2020-11-21', 'Kinerja', NULL, NULL, 'Selesai', 3, 100, '00:12:59', '2020-12-13 07:14:12'),
(298, 18, '2020-11-22', 'Kinerja', NULL, NULL, 'Selesai', 4, 85, '00:12:59', '2020-12-13 07:14:12'),
(299, 18, '2020-11-23', 'Kinerja', NULL, NULL, 'Selesai', 3, 70, '00:12:59', '2020-12-13 07:14:12'),
(300, 18, '2020-11-24', 'Kinerja', NULL, NULL, 'Selesai', 4, 85, '00:12:59', '2020-12-13 07:14:12'),
(301, 18, '2020-11-25', 'Kinerja', NULL, NULL, 'Selesai', 3, 100, '00:12:59', '2020-12-13 07:14:12'),
(302, 18, '2020-11-26', 'Kinerja', NULL, NULL, 'Selesai', 4, 78, '00:12:59', '2020-12-13 07:14:12'),
(303, 18, '2020-11-27', 'Kinerja', NULL, NULL, 'Selesai', 2, 100, '00:12:59', '2020-12-13 07:14:12'),
(304, 18, '2020-11-28', 'Kinerja', NULL, NULL, 'Selesai', 1, 100, '00:12:59', '2020-12-13 07:14:12'),
(305, 18, '2020-11-29', 'Kinerja', NULL, NULL, 'Selesai', 2, 75, '00:12:59', '2020-12-13 07:14:12'),
(306, 18, '2020-11-30', 'Kinerja', NULL, NULL, 'Selesai', 2, 60, '00:12:59', '2020-12-13 07:14:12'),
(307, 18, '2020-12-01', 'Kinerja', NULL, NULL, 'Selesai', 3, 100, '00:12:59', '2020-12-13 07:14:12'),
(308, 18, '2020-12-02', 'Kinerja', NULL, NULL, 'Selesai', 1, 80, '00:12:59', '2020-12-13 07:14:12'),
(309, 18, '2020-12-03', 'Kinerja', NULL, NULL, 'Selesai', 1, 60, '00:12:59', '2020-12-13 07:14:12'),
(310, 18, '2020-12-04', 'Kinerja', NULL, NULL, 'Selesai', 1, 10, '00:12:59', '2020-12-13 07:14:12'),
(311, 18, '2020-12-05', 'Kinerja', NULL, NULL, 'Selesai', 1, 30, '00:12:59', '2020-12-13 07:14:12'),
(312, 18, '2020-12-06', 'Kinerja', NULL, NULL, 'Selesai', 1, 20, '00:12:59', '2020-12-13 07:14:12'),
(313, 18, '2020-12-07', 'Kinerja', NULL, NULL, 'Selesai', 1, 0, '00:12:59', '2020-12-13 07:14:12'),
(314, 18, '2020-12-08', 'Kinerja', NULL, NULL, 'Selesai', 1, 80, '00:12:59', '2020-12-13 07:14:12'),
(315, 18, '2020-12-09', 'Kinerja', NULL, NULL, 'Selesai', 1, 90, '00:12:59', '2020-12-13 07:14:12'),
(316, 18, '2020-12-10', 'Kinerja', NULL, NULL, 'Selesai', 1, 30, '00:12:59', '2020-12-13 07:14:12'),
(317, 18, '2020-12-11', 'Kinerja', NULL, NULL, 'Selesai', 2, 100, '00:12:59', '2020-12-13 07:14:12'),
(318, 18, '2020-12-12', 'Kinerja', NULL, NULL, 'Selesai', 3, 70, '00:12:59', '2020-12-13 07:14:12'),
(319, 19, '2020-11-21', 'Kinerja', NULL, NULL, 'Selesai', 1, 20, '00:12:59', '2020-12-13 07:14:12'),
(320, 19, '2020-11-22', 'Kinerja', NULL, NULL, 'Selesai', 1, 30, '00:12:59', '2020-12-13 07:14:12'),
(321, 19, '2020-11-23', 'Kinerja', NULL, NULL, 'Selesai', 3, 70, '00:12:59', '2020-12-13 07:14:12'),
(322, 19, '2020-11-24', 'Kinerja', NULL, NULL, 'Selesai', 1, 20, '00:12:59', '2020-12-13 07:14:12'),
(323, 19, '2020-11-25', 'Kinerja', NULL, NULL, 'Selesai', 1, 0, '00:12:59', '2020-12-13 07:14:12'),
(324, 19, '2020-11-26', 'Kinerja', NULL, NULL, 'Selesai', 5, 100, '00:12:59', '2020-12-13 07:14:12'),
(325, 19, '2020-11-27', 'Kinerja', NULL, NULL, 'Selesai', 5, 86, '00:12:59', '2020-12-13 07:14:12'),
(326, 19, '2020-11-28', 'Kinerja', NULL, NULL, 'Selesai', 5, 88, '00:12:59', '2020-12-13 07:14:12'),
(327, 19, '2020-11-29', 'Kinerja', NULL, NULL, 'Selesai', 5, 100, '00:12:59', '2020-12-13 07:14:12'),
(328, 19, '2020-11-30', 'Kinerja', NULL, NULL, 'Selesai', 4, 85, '00:12:59', '2020-12-13 07:14:12'),
(329, 19, '2020-12-01', 'Kinerja', NULL, NULL, 'Selesai', 1, 10, '00:12:59', '2020-12-13 07:14:12'),
(330, 19, '2020-12-02', 'Kinerja', NULL, NULL, 'Selesai', 1, 80, '00:12:59', '2020-12-13 07:14:12'),
(331, 19, '2020-12-03', 'Kinerja', NULL, NULL, 'Selesai', 4, 80, '00:12:59', '2020-12-13 07:14:12'),
(332, 19, '2020-12-04', 'Kinerja', NULL, NULL, 'Selesai', 4, 85, '00:12:59', '2020-12-13 07:14:12'),
(333, 19, '2020-12-05', 'Kinerja', NULL, NULL, 'Selesai', 1, 70, '00:12:59', '2020-12-13 07:14:12'),
(334, 19, '2020-12-06', 'Kinerja', NULL, NULL, 'Selesai', 1, 60, '00:12:59', '2020-12-13 07:14:12'),
(335, 19, '2020-12-07', 'Kinerja', NULL, NULL, 'Selesai', 1, 50, '00:12:59', '2020-12-13 07:14:12'),
(336, 19, '2020-12-08', 'Kinerja', NULL, NULL, 'Selesai', 1, 40, '00:12:59', '2020-12-13 07:14:12'),
(337, 19, '2020-12-09', 'Kinerja', NULL, NULL, 'Selesai', 1, 10, '00:12:59', '2020-12-13 07:14:12'),
(338, 19, '2020-12-10', 'Kinerja', NULL, NULL, 'Selesai', 4, 80, '00:12:59', '2020-12-13 07:14:12'),
(339, 19, '2020-12-11', 'Kinerja', NULL, NULL, 'Selesai', 4, 83, '00:12:59', '2020-12-13 07:14:12'),
(340, 19, '2020-12-12', 'Kinerja', NULL, NULL, 'Selesai', 4, 95, '00:12:59', '2020-12-13 07:14:12');

-- --------------------------------------------------------

--
-- Table structure for table `kriteria`
--

CREATE TABLE `kriteria` (
  `id` int(11) NOT NULL,
  `kode` varchar(2) NOT NULL,
  `nama_kriteria` varchar(30) NOT NULL,
  `atribut` varchar(30) NOT NULL,
  `bobot` int(11) NOT NULL
) ENGINE=InnoDB DEFAULT CHARSET=latin1;

--
-- Dumping data for table `kriteria`
--

INSERT INTO `kriteria` (`id`, `kode`, `nama_kriteria`, `atribut`, `bobot`) VALUES
(1, 'C1', 'Absensi', 'Benefit', 50),
(2, 'C2', 'Kinerja', 'Benefit', 50);

-- --------------------------------------------------------

--
-- Table structure for table `saw`
--

CREATE TABLE `saw` (
  `id_user` int(11) NOT NULL,
  `absensi` float DEFAULT NULL,
  `kinerja` float DEFAULT NULL
) ENGINE=InnoDB DEFAULT CHARSET=latin1;

--
-- Dumping data for table `saw`
--

INSERT INTO `saw` (`id_user`, `absensi`, `kinerja`) VALUES
(3, 24.1935, 6.07287),
(4, 24.4624, 2.02429),
(6, 50, 50),
(7, 44.6237, 47.807),
(8, 46.7742, 47.6586),
(9, 46.9892, 38.4211),
(10, 45.5376, 44.5344),
(11, 47.1237, 32.3414),
(12, 47.5, 32.9555),
(13, 43.0108, 35.0607),
(14, 46.3441, 45.5533),
(15, 49.6237, 42.5506),
(16, 44.3817, 29.5479),
(17, 49.3817, 39.9663),
(18, 48.1452, 23.4953),
(19, 48.3602, 30.3779);

-- --------------------------------------------------------

--
-- Table structure for table `unit`
--

CREATE TABLE `unit` (
  `id` int(11) NOT NULL,
  `nama_unit` varchar(50) NOT NULL
) ENGINE=InnoDB DEFAULT CHARSET=latin1;

--
-- Dumping data for table `unit`
--

INSERT INTO `unit` (`id`, `nama_unit`) VALUES
(1, 'Administrator'),
(2, 'SMP'),
(3, 'SMA'),
(4, 'SMK'),
(5, 'Pimpinan');

-- --------------------------------------------------------

--
-- Table structure for table `users`
--

CREATE TABLE `users` (
  `id` int(4) NOT NULL,
  `username` varchar(50) NOT NULL,
  `password` varchar(50) NOT NULL,
  `nama` varchar(50) NOT NULL,
  `id_unit` int(11) NOT NULL,
  `level` varchar(20) NOT NULL,
  `foto` varchar(100) DEFAULT 'user5.png',
  `ranking_saw` float DEFAULT NULL
) ENGINE=InnoDB DEFAULT CHARSET=latin1;

--
-- Dumping data for table `users`
--

INSERT INTO `users` (`id`, `username`, `password`, `nama`, `id_unit`, `level`, `foto`, `ranking_saw`) VALUES
(1, 'admin', '4297f44b13955235245b2497399d7a93', 'Administrator', 1, 'admin', 'user5.png', NULL),
(3, 'kepalasma', '4297f44b13955235245b2497399d7a93', 'Nama Kepala Sekolah SMA', 3, 'kepala', 'user5.png', 30.2664),
(4, 'sma', '4297f44b13955235245b2497399d7a93', 'Nama Karyawan Unit SMA', 3, 'staff', 'user5.png', 26.4867),
(5, 'pimpinan', '4297f44b13955235245b2497399d7a93', 'Nama Pimpinan', 5, 'pimpinan', 'user5.png', NULL),
(6, 'sma1', '4297f44b13955235245b2497399d7a93', 'Siti Mardiah A, M.Pd', 3, 'staff', 'user5.png', 100),
(7, 'sma2', '4297f44b13955235245b2497399d7a93', 'Nurul Jannah, S.Pdi', 3, 'staff', 'user5.png', 92.4307),
(8, 'sma3', '4297f44b13955235245b2497399d7a93', 'Muhammad Firdaus, S.Pd', 3, 'staff', 'user5.png', 94.4328),
(9, 'sma4', '4297f44b13955235245b2497399d7a93', 'Rina Supriyantin, S.Pd. Gr', 3, 'staff', 'user5.png', 85.4103),
(10, 'sma5', '4297f44b13955235245b2497399d7a93', 'Sepriani Ina Tokan, S.Pd', 3, 'staff', 'user5.png', 90.072),
(11, 'sma6', '4297f44b13955235245b2497399d7a93', 'Novita Sari, S.Pd', 3, 'staff', 'user5.png', 79.4651),
(12, 'sma7', '4297f44b13955235245b2497399d7a93', 'Renanda Nila Bilianti, S.Pd', 3, 'staff', 'user5.png', 80.4555),
(13, 'sma8', '4297f44b13955235245b2497399d7a93', 'Rahma Anjarwati, S.Pd.Gr', 3, 'staff', 'user5.png', 78.0715),
(14, 'sma9', '4297f44b13955235245b2497399d7a93', 'Annisa Nursyifa, S.Pd', 3, 'staff', 'user5.png', 91.8974),
(15, 'sma10', '4297f44b13955235245b2497399d7a93', 'Nadya Hidayati, S.Pd', 3, 'staff', 'user5.png', 92.1743),
(16, 'sma11', '4297f44b13955235245b2497399d7a93', 'Siti Choiriyah, S.Pd', 3, 'staff', 'user5.png', 73.9296),
(17, 'sma12', '4297f44b13955235245b2497399d7a93', 'Novia Rahmah, S.Pd', 3, 'staff', 'user5.png', 89.348),
(18, 'sma13', '4297f44b13955235245b2497399d7a93', 'Baihaqi, S.Kom', 3, 'staff', 'user5.png', 71.6405),
(19, 'sma14', '4297f44b13955235245b2497399d7a93', 'Ahmad, S.Pdi', 3, 'staff', 'user5.png', 78.7381);

--
-- Indexes for dumped tables
--

--
-- Indexes for table `absensi`
--
ALTER TABLE `absensi`
  ADD PRIMARY KEY (`id`),
  ADD KEY `id_user` (`id_user`);

--
-- Indexes for table `kategori`
--
ALTER TABLE `kategori`
  ADD PRIMARY KEY (`id`);

--
-- Indexes for table `kinerja`
--
ALTER TABLE `kinerja`
  ADD PRIMARY KEY (`id`),
  ADD KEY `user` (`id_user`),
  ADD KEY `id_kategori` (`id_kategori`);

--
-- Indexes for table `kriteria`
--
ALTER TABLE `kriteria`
  ADD PRIMARY KEY (`id`);

--
-- Indexes for table `saw`
--
ALTER TABLE `saw`
  ADD PRIMARY KEY (`id_user`);

--
-- Indexes for table `unit`
--
ALTER TABLE `unit`
  ADD PRIMARY KEY (`id`);

--
-- Indexes for table `users`
--
ALTER TABLE `users`
  ADD PRIMARY KEY (`id`),
  ADD KEY `unit` (`id_unit`);

--
-- AUTO_INCREMENT for dumped tables
--

--
-- AUTO_INCREMENT for table `absensi`
--
ALTER TABLE `absensi`
  MODIFY `id` int(11) NOT NULL AUTO_INCREMENT, AUTO_INCREMENT=333;
--
-- AUTO_INCREMENT for table `kategori`
--
ALTER TABLE `kategori`
  MODIFY `id` int(11) NOT NULL AUTO_INCREMENT, AUTO_INCREMENT=6;
--
-- AUTO_INCREMENT for table `kinerja`
--
ALTER TABLE `kinerja`
  MODIFY `id` int(11) NOT NULL AUTO_INCREMENT, AUTO_INCREMENT=341;
--
-- AUTO_INCREMENT for table `kriteria`
--
ALTER TABLE `kriteria`
  MODIFY `id` int(11) NOT NULL AUTO_INCREMENT, AUTO_INCREMENT=3;
--
-- AUTO_INCREMENT for table `unit`
--
ALTER TABLE `unit`
  MODIFY `id` int(11) NOT NULL AUTO_INCREMENT, AUTO_INCREMENT=6;
--
-- AUTO_INCREMENT for table `users`
--
ALTER TABLE `users`
  MODIFY `id` int(4) NOT NULL AUTO_INCREMENT, AUTO_INCREMENT=20;
--
-- Constraints for dumped tables
--

--
-- Constraints for table `absensi`
--
ALTER TABLE `absensi`
  ADD CONSTRAINT `fk_absensi_user` FOREIGN KEY (`id_user`) REFERENCES `users` (`id`) ON DELETE CASCADE ON UPDATE CASCADE;

--
-- Constraints for table `kinerja`
--
ALTER TABLE `kinerja`
  ADD CONSTRAINT `fk_kinerja_kategori` FOREIGN KEY (`id_kategori`) REFERENCES `kategori` (`id`) ON DELETE CASCADE ON UPDATE CASCADE,
  ADD CONSTRAINT `fk_kinerja_users` FOREIGN KEY (`id_user`) REFERENCES `users` (`id`) ON DELETE CASCADE ON UPDATE CASCADE;

--
-- Constraints for table `users`
--
ALTER TABLE `users`
  ADD CONSTRAINT `fk_users_unit` FOREIGN KEY (`id_unit`) REFERENCES `unit` (`id`) ON DELETE CASCADE ON UPDATE CASCADE;

/*!40101 SET CHARACTER_SET_CLIENT=@OLD_CHARACTER_SET_CLIENT */;
/*!40101 SET CHARACTER_SET_RESULTS=@OLD_CHARACTER_SET_RESULTS */;
/*!40101 SET COLLATION_CONNECTION=@OLD_COLLATION_CONNECTION */;
